s1,s2,,,,,s3,,,,,,,,,,,g4,g5,g6,g7,g8,,,,,,
,,s9,,,,,,,,,,,,,,,,,,,,,,,,,
,,s10,,,,,,,,,,,,,,,,,,,,,,,,,
,,,,,,,s11,,,,,,,,,,,,,,,,,,,,
s1,s2,,,,,s3,,,,,,,,,,acc,,g12,g6,g7,g8,,,,,,
r1,r1,,,,r1,r1,,,,,,,,,,r1,,,,,,,,,,,
r3,r3,,,,r3,r3,,,,,,,,,,r3,,,,,,,,,,,
r4,r4,,,,r4,r4,,,,,,,,,,r4,,,,,,,,,,,
r5,r5,,,,r5,r5,,,,,,,,,,r5,,,,,,,,,,,
,,s13,,,,s14,,,,,s15,,,,,,,,,,,g16,g17,g18,g19,g20,
,,s13,,,,s14,,,,,s15,,,,,,,,,,,g16,g21,g18,g19,g20,
,,s13,,,,s14,,,,,s15,,,,,,,,,,,,,g22,g19,g20,
r2,r2,,,,r2,r2,,,,,,,,,,r2,,,,,,,,,,,
,,s13,,,,s14,,,,,s15,,,,,,,,,,,,,g23,g19,g20,
,,,r21,,,,,r21,r21,r21,,r21,r21,r21,r21,,,,,,,,,,,,
,,,r20,,,,,r20,r20,r20,,r20,r20,r20,r20,,,,,,,,,,,,
,,,r10,,,,,,,,,,,,,,,,,,,,,,,,
,,,s24,,,,,,,,,,,,,,,,,,,,,,,,
,,,r9,,,,,,s25,s26,,s27,s28,,,,,,,,,,,,,,
,,,r15,,,,,r15,r15,r15,,r15,r15,s29,s30,,,,,,,,,,,,
,,,r18,,,,,r18,r18,r18,,r18,r18,r18,r18,,,,,,,,,,,,
,,,s31,,,,,,,,,,,,,,,,,,,,,,,,
,,,,,,,,s32,,,,s27,s28,,,,,,,,,,,,,,
,,,s33,,,,,,,,,s27,s28,,,,,,,,,,,,,,
,,,,s34,,,,,,,,,,,,,,,,,,,,,,,
,,s13,,,,s14,,,,,s15,,,,,,,,,,,,,g35,g19,g20,
,,s13,,,,s14,,,,,s15,,,,,,,,,,,,,g36,g19,g20,
,,s13,,,,s14,,,,,s15,,,,,,,,,,,,,,g37,g20,
,,s13,,,,s14,,,,,s15,,,,,,,,,,,,,,g38,g20,
,,s13,,,,s14,,,,,s15,,,,,,,,,,,,,,,g39,
,,s13,,,,s14,,,,,s15,,,,,,,,,,,,,,,g40,
,,,,s41,,,,,,,,,,,,,,,,,,,,,,,
r8,r8,,,,r8,r8,,,,,,,,,,r8,,,,,,,,,,,
,,,r19,,,,,r19,r19,r19,,r19,r19,r19,r19,,,,,,,,,,,,
s1,s2,,,,,s3,,,,,,,,,,,g42,g5,g6,g7,g8,,,,,,
,,,r11,,,,,,,,,s27,s28,,,,,,,,,,,,,,
,,,r12,,,,,,,,,s27,s28,,,,,,,,,,,,,,
,,,r13,,,,,r13,r13,r13,,r13,r13,s29,s30,,,,,,,,,,,,
,,,r14,,,,,r14,r14,r14,,r14,r14,s29,s30,,,,,,,,,,,,
,,,r16,,,,,r16,r16,r16,,r16,r16,r16,r16,,,,,,,,,,,,
,,,r17,,,,,r17,r17,r17,,r17,r17,r17,r17,,,,,,,,,,,,
s1,s2,,,,,s3,,,,,,,,,,,g43,g5,g6,g7,g8,,,,,,
s1,s2,,,,s44,s3,,,,,,,,,,,,g12,g6,g7,g8,,,,,,
s1,s2,,,,s45,s3,,,,,,,,,,,,g12,g6,g7,g8,,,,,,
r6,r6,,,,r6,r6,,,,,,,,,,r6,,,,,,,,,,,
r7,r7,,,,r7,r7,,,,,,,,,,r7,,,,,,,,,,,
